{
    "nx-er-large-0.15-hidden": {
        "gae": {
            "test_roc": 0.510551801135824,
            "test_ap": 0.5061778153822639,
            "val_roc": 0.4992786854692308,
            "val_ap": 0.4984173277661652,
            "val_roc_per_epoch": [
                0.4903119842153084,
                0.4945950692551554,
                0.49617300079389404,
                0.49742477271871954,
                0.49873926764622073,
                0.4997974943056474,
                0.5001630798069565,
                0.5008834982948304,
                0.5019766706271763,
                0.5025895639676062,
                0.5034856068629717,
                0.5044273479460009,
                0.5042275303803343,
                0.5044846946913042,
                0.5038207269058385,
                0.5043054861122311,
                0.5043646249433253,
                0.5039793264983181,
                0.5042678523106258,
                0.5039596135546202,
                0.5024067712169518,
                0.500034049630024,
                0.49928226964081224,
                0.49899105569981844,
                0.4986899852869757,
                0.49841041990362156,
                0.4979337250832872,
                0.4973934112173818,
                0.4975305057803727,
                0.49927689338344006
            ],
            "runtime": 7.513916730880737
        }
    },
    "nx-ws-large-0.15-hidden": {
        "gae": {
            "test_roc": 0.8372938261292122,
            "test_ap": 0.8214808035814352,
            "val_roc": 0.822944,
            "val_ap": 0.7881449783656321,
            "val_roc_per_epoch": [
                0.756656,
                0.7464879999999999,
                0.723624,
                0.7138399999999999,
                0.705416,
                0.707544,
                0.71976,
                0.7354879999999999,
                0.7517039999999999,
                0.770944,
                0.7989919999999999,
                0.8256159999999999,
                0.8400000000000001,
                0.8465119999999999,
                0.8302399999999999,
                0.810144,
                0.8013279999999999,
                0.79864,
                0.787696,
                0.78088,
                0.7865759999999999,
                0.7903680000000001,
                0.7910719999999999,
                0.781024,
                0.77536,
                0.7837440000000001,
                0.7910399999999999,
                0.7916959999999998,
                0.7831520000000001,
                0.7661119999999999
            ],
            "runtime": 6.5825536251068115
        }
    },
    "nx-ba-large-0.15-hidden": {
        "gae": {
            "test_roc": 0.6972264762848519,
            "test_ap": 0.7224179245801317,
            "val_roc": 0.7134138101887302,
            "val_ap": 0.7464527147239138,
            "val_roc_per_epoch": [
                0.6949743254808343,
                0.6982230530156299,
                0.7026823116075851,
                0.7069839196432594,
                0.710091887752804,
                0.7111278771226522,
                0.7122539525246612,
                0.712749425701545,
                0.7131773343543083,
                0.7136165037610919,
                0.7137178505472727,
                0.7137797846943832,
                0.7139430656276744,
                0.7138755011035539,
                0.7137291113012928,
                0.7142020629701364,
                0.713898022611594,
                0.7139430656276744,
                0.7132786811404891,
                0.7124116030809423,
                0.7119386514120986,
                0.712512949867123,
                0.7127719472095853,
                0.7129746407819467,
                0.7129521192739066,
                0.7131548128462682,
                0.7130534660600873,
                0.7129859015359669,
                0.7130422053060673,
                0.7134138101887302
            ],
            "runtime": 6.6736741065979
        }
    },
    "nx-pc-large-0.15-hidden": {
        "gae": {
            "test_roc": 0.7117331426512319,
            "test_ap": 0.742314196924072,
            "val_roc": 0.7201477410927436,
            "val_ap": 0.7576860355348516,
            "val_roc_per_epoch": [
                0.720722039547768,
                0.7216960947705058,
                0.7199900905364623,
                0.7189822530516643,
                0.7187964506103329,
                0.7197761362100806,
                0.720699518039728,
                0.7213639025269132,
                0.7218931579658573,
                0.7223323273726409,
                0.7226251069771631,
                0.7223098058646007,
                0.7221746768163596,
                0.7222309805864602,
                0.7222647628485204,
                0.7220733300301787,
                0.7214877708211341,
                0.721352641772893,
                0.7208233863339489,
                0.7203616954191253,
                0.7204968244673664,
                0.7207558218098282,
                0.7205306067294266,
                0.7208121255799289,
                0.7209359938741499,
                0.7208233863339488,
                0.7206544750236477,
                0.7204179991892258,
                0.7203504346651053,
                0.7201477410927436
            ],
            "runtime": 6.706399440765381
        }
    },
    "nx-sbm-large-0.15-hidden": {
        "gae": {
            "test_roc": 0.5123590027700831,
            "test_ap": 0.5122123470616349,
            "val_roc": 0.5429151311221492,
            "val_ap": 0.5586753483191113,
            "val_roc_per_epoch": [
                0.4864694048318467,
                0.48935355801242675,
                0.4894158699638591,
                0.4905730919190301,
                0.4968576973063434,
                0.4980060175541669,
                0.5057505029464652,
                0.5251295198419057,
                0.5439655325891506,
                0.5634246648507184,
                0.5666114760811123,
                0.5587779736153393,
                0.5453185921059659,
                0.5360964232939878,
                0.5315565525467785,
                0.52384767398387,
                0.5200377432391533,
                0.5176075771332942,
                0.5143139454147305,
                0.5160408766401395,
                0.5292688137584789,
                0.540369242820773,
                0.5400398796489166,
                0.5372536452491589,
                0.5368441667111752,
                0.53833965354555,
                0.5398885506240096,
                0.5396036959888907,
                0.5409211486763161,
                0.5429151311221492
            ],
            "runtime": 6.858327865600586
        }
    }
}