{
    "advogato-0.15-hidden": {
        "aa": {
            "test_roc": 0.9302539793309581,
            "test_ap": 0.9315920156767449,
            "runtime": 2.8737127780914307
        },
        "jc": {
            "test_roc": 0.9173364104589973,
            "test_ap": 0.907764786984118,
            "runtime": 2.8619062900543213
        },
        "pa": {
            "test_roc": 0.9459076293958051,
            "test_ap": 0.9405979020893469,
            "runtime": 0.6399588584899902
        },
        "sc": {
            "test_roc": 0.7301934880964803,
            "test_ap": 0.6352726044646764,
            "val_roc": 0.7584915997078159,
            "val_ap": 0.6738693111660544,
            "runtime": 9.362998008728027
        },
        "n2v_edge_emb": {
            "test_roc": 0.8788274623216709,
            "test_ap": 0.8787043423309704,
            "val_roc": 0.8848826418807113,
            "val_ap": 0.889165252861716,
            "runtime": 272.8159248828888
        },
        "n2v_dot_prod": {
            "test_roc": 0.825818902707175,
            "test_ap": 0.7878479951942255,
            "val_roc": 0.8413010017739748,
            "val_ap": 0.817575043568139,
            "runtime": 383.6259489059448
        },
        "gae": {
            "test_roc": 0.9318559372251458,
            "test_ap": 0.9449533914794722,
            "val_roc": 0.9312407760766834,
            "val_ap": 0.9446411311263356,
            "val_roc_per_epoch": [
                0.8269703790939312,
                0.9036877990787255,
                0.9261769353468194,
                0.9349601601049478,
                0.9392674527809663,
                0.941393613690911,
                0.942619743295419,
                0.9434084353244586,
                0.9438710290544267,
                0.9443434057333671,
                0.9447058407000491,
                0.9449928072032318,
                0.9453300860154142,
                0.9456729550841521,
                0.9460912926163892,
                0.946580905919709,
                0.9471674170033243,
                0.9477189889834678,
                0.9481596875419269,
                0.9486497666999598,
                0.9489749332896051,
                0.9491556849182332,
                0.9491202799600484,
                0.9488491525171063,
                0.9481242825837422,
                0.9464257763002936,
                0.9444766401812734,
                0.9415007602748916,
                0.9380124401842549,
                0.9348427647172821,
                0.9320895633636946,
                0.9306500723006514,
                0.9305187012715971,
                0.931201644280795,
                0.932188324562842,
                0.9329169213339098,
                0.9330427021064087,
                0.9322069587513603,
                0.9307003846096511,
                0.9287186386607236,
                0.9258610858514335,
                0.922312204648112,
                0.9171747588736006,
                0.9110329303379496,
                0.9037665285252159,
                0.8963678239740016,
                0.8901393464617403,
                0.8862457327708293,
                0.8839863374129783,
                0.8828906471280988,
                0.882865490973599,
                0.8839276397191456,
                0.8858166805801941,
                0.887542672291707,
                0.8890129097658056,
                0.8897256674766327,
                0.8899809558593343,
                0.8895467792668565,
                0.8884762451364768,
                0.886965012447638,
                0.8853419746276889,
                0.8842108793846246,
                0.883524209537723,
                0.8836546488573516,
                0.8846618267467687,
                0.8867386070571398,
                0.8888582460011032,
                0.8913403199117484,
                0.8933257926983795,
                0.8947783276933856,
                0.8957696665225623,
                0.896282106706817,
                0.8963524507684739,
                0.896227135850688,
                0.8960445208032081,
                0.8959010375516168,
                0.8959755743056901,
                0.8962345895260952,
                0.8964516778223341,
                0.89686349338859,
                0.8972995333999194,
                0.8978017247804893,
                0.8981939744488006,
                0.89851820932902,
                0.8985815655699827,
                0.8985629313814641,
                0.8982228574410043,
                0.897906076236192,
                0.8975585486203246,
                0.8972240649364203,
                0.8969752985197001,
                0.8969231227918486,
                0.897101079292199,
                0.897305123656475,
                0.8978576273460444,
                0.898191179320523,
                0.8983011210327814,
                0.8983337308626885,
                0.8981399353020976,
                0.8979125982021734,
                0.8974281093006962,
                0.8971150549335879,
                0.8970470401454957,
                0.8971169183524396,
                0.8973153724601601,
                0.897533392465825,
                0.8978250175161372,
                0.8981427304303753,
                0.8984585799257614,
                0.8986598291617596,
                0.8987203902744443,
                0.8987557952326293,
                0.8989095272879057,
                0.8989328200235536,
                0.898984064041979,
                0.8989542493403497,
                0.8987828148059808,
                0.898803312413351,
                0.8988871662616836,
                0.8990977325919411,
                0.8993763137102906,
                0.8996250801270107,
                0.8998104903027684,
                0.9000806860362844,
                0.9000676421043217,
                0.9002046033899316,
                0.9002633010837644,
                0.9004365990369851,
                0.9004897064742625,
                0.9006005798959467,
                0.9006592775897796,
                0.9009341318704253,
                0.9012462545281078,
                0.901642231034123,
                0.9020363441212861,
                0.902355920454376,
                0.9026037551616702,
                0.902925194913612,
                0.9032624737257943,
                0.9035988208285506,
                0.9037162162162162,
                0.9038960361354182,
                0.9040590852849539,
                0.903991070496862,
                0.9040264754550469,
                0.9041298952013237,
                0.9042957394791371,
                0.9045193497413575,
                0.90491020184553,
                0.9051864536903147,
                0.9053672053189428,
                0.9056383327618849,
                0.9057976550737169,
                0.9059057333671234,
                0.9060361726867519,
                0.9060398995244555,
                0.9059495237101414,
                0.9057361622516062,
                0.9055405032721635,
                0.905477147031201,
                0.9056224937016443,
                0.9059187772990862,
                0.9061666120063805,
                0.9064246955173596,
                0.9064694175698037,
                0.9063632026952491,
                0.9062308999567688,
                0.9059746798646412,
                0.9059485920007155,
                0.9062812122657682,
                0.9066073105648396,
                0.9069483162147254,
                0.9070806189532058,
                0.9070740969872244,
                0.9068952087774482,
                0.9069520430524292,
                0.9072166485293898,
                0.9075995811034421,
                0.908248050863881,
                0.9087968277157467,
                0.9091834871275024,
                0.9093567850807234,
