{
    "gplus-0.15-hidden": {
        "aa": {
            "test_roc": 0.9748523370035295,
            "test_ap": 0.9744739395916654,
            "runtime": 4.769700288772583
        },
        "jc": {
            "test_roc": 0.9518053527467619,
            "test_ap": 0.9328719547415687,
            "runtime": 3.6797828674316406
        },
        "pa": {
            "test_roc": 0.9552939149582105,
            "test_ap": 0.9574853771106487,
            "runtime": 0.14001226425170898
        },
        "sc": {
            "test_roc": 0.5069397310614231,
            "test_ap": 0.5149174844361768,
            "val_roc": 0.519413377025005,
            "val_ap": 0.5310305728175744,
            "runtime": 0.2900078296661377
        },
        "n2v_edge_emb": {
            "test_roc": 0.9512347902815909,
            "test_ap": 0.951612745838817,
            "val_roc": 0.9604223371997181,
            "val_ap": 0.9604504976242579,
            "runtime": 114.33322811126709
        },
        "n2v_dot_prod": {
            "test_roc": 0.8971841293037344,
            "test_ap": 0.8526324761763693,
            "val_roc": 0.9056527104792206,
            "val_ap": 0.8587468559645707,
            "runtime": 109.67375206947327
        },
        "gae": {
            "test_roc": 0.7327182752776301,
            "test_ap": 0.7001593565873615,
            "val_roc": 0.7578834117476283,
            "val_ap": 0.7161379230986802,
            "val_roc_per_epoch": [
                0.8216945825575199,
                0.8524160426254985,
                0.8637278927692259,
                0.8714263398698391,
                0.8767276551907383,
                0.880253912636413,
                0.8827271398513552,
                0.887003552627151,
                0.8890292482725333,
                0.8902937384255829,
                0.8912910155651579,
                0.8916436161957204,
                0.8904768195222212,
                0.8890518508770563,
                0.8878531594171742,
                0.8865849021633705,
                0.8857036517270147,
                0.8851797735821763,
                0.8844856224832628,
                0.884736762533521,
                0.8848151182292013,
                0.885335229273286,
                0.8873016558668074,
                0.8904235778315663,
                0.8921998914070423,
                0.8927986092868578,
                0.8935912072854725,
                0.8946477534769085,
                0.8947833691040478,
                0.894485768144492,
                0.8941728476418702,
                0.8929857086243,
                0.8907565895382088,
                0.8876206037306351,
                0.8838718362004319,
                0.8802205110097288,
                0.8763092558670085,
                0.8734716244391414,
                0.8745783986406293,
                0.8749202002490304,
                0.8756336891318139,
                0.8761836858418792,
                0.8770800046812505,
                0.8774828333218647,
                0.8768082711468712,
                0.8751693311788865,
                0.8717523196550742,
                0.8683553993352824,
                0.8664987209437239,
                0.8673759531392757,
                0.8688898253622318,
                0.8681979345237707,
                0.8676946498630532,
                0.8658666014372243,
                0.863088741341319,
                0.8573989123626703,
                0.8519315934685505,
                0.8440081248829059,
                0.8331842398568301,
                0.8304478178692172,
                0.8318976493793576,
                0.8359646113532381,
                0.8413633690136374,
                0.8441153616843662,
                0.8437019851616412,
                0.8411290553467465,
                0.8350040006610007,
                0.8258122748215524,
                0.8152874975953341,
                0.8078926788154829,
                0.8023334426629686,
                0.8020707501703985,
                0.8023698579702561,
                0.801312307218619,
                0.8034625683289291,
                0.8064749932317756,
                0.8115018124777429,
                0.8151262656830682,
                0.8147950119567777,
                0.8147035969784839,
                0.814668688511498,
                0.8127688140312951,
                0.8114548492883444,
                0.807295467775969,
                0.7985208855599997,
                0.7919997830149966,
                0.7814971061132009,
                0.7758622768055589,
                0.7807936628324278,
                0.7891716949090395,
                0.7955089629372537,
                0.8033811989526456,
                0.80614851116644,
                0.8068677762703793,
                0.8046120363389607,
                0.798930746122021,
                0.7965921299740171,
                0.7891601424667277,
                0.7825428532824759,
                0.7747590185647748,
                0.7694283198579954,
                0.7684388280599782,
                0.7706933122911457,
                0.7744355501800423,
                0.7716893337304694,
                0.7740666254462132,
                0.7722724809271689,
                0.7618617212837676,
                0.7552758246057981,
                0.7521669619236524,
                0.7519035160109315,
                0.7564298131367343,
                0.7647397862597259,
                0.7741673326063666,
                0.7819873314913048,
                0.7841559258252839,
                0.7865525553248973,
                0.7870113881967191,
                0.7853335215209442,
                0.7858862807715624,
                0.7810804647698225,
                0.7739061469540981,
                0.7711164832758307,
                0.7670128548546125,
                0.7629009388117359,
                0.7602863197484984,
                0.7570187365545895,
                0.7605776422067978,
                0.7600175998947222,
                0.7612464281606351,
                0.7632151150146089,
                0.7622886593692065,
                0.7599716412655249,
                0.7549410549188039,
                0.7499338245967571,
                0.7501839600868141,
                0.7495149229929263,
                0.7506892538679335,
                0.7577447824398859,
                0.7638502482017118,
                0.7688188029560188,
                0.7754604527251457,
                0.7782006418135125,
                0.7809805110298199,
                0.7845519736845409,
                0.7876846946714611,
                0.7918993269948933,
                0.7975861422929389,
                0.8004112167182926,
                0.7988425959643803,
                0.7947357027225088,
                0.7864395423022812,
                0.7754915940913778,
                0.7646217504361047,
                0.7559154783138056,
                0.7544927699290931,
                0.7504973828695363,
                0.7474133830523663,
                0.742605306790174,
                0.739613726511499,
                0.7342496261780352,
                0.7346584821798554,
                0.7431216507335047,
                0.7522084000319451,
                0.7612147845143026,
                0.7688619990446632,
                0.7708100924145156,
                0.7690812443085386,
                0.7655359002190443,
                0.7590760758463043,
                0.758434664157945,
                0.7587335208177521,
                0.7610035757320355,
                0.7630491114413882,
                0.76441280191429,
                0.7650162914550603,
                0.7612193050352073,
                0.7577940058897364,
                0.7509062388713565,
                0.7414739208637611,
                0.7420088491708109,
                0.7417047185699484,
