{
    "gplus-0.15-hidden": {
        "aa": {
            "test_roc": 0.7972935915178856,
            "test_ap": 0.7990284942216931,
            "runtime": 33.348010301589966
        },
        "jc": {
            "test_roc": 0.7825458712534599,
            "test_ap": 0.7153709263581745,
            "runtime": 38.665629386901855
        },
        "pa": {
            "test_roc": 0.9977141768128559,
            "test_ap": 0.996242813862753,
            "runtime": 18.4488787651062
        },
        "sc": {
            "test_roc": 0.34954848694812435,
            "test_ap": 0.4440302980132015,
            "val_roc": 0.32889402276096663,
            "val_ap": 0.43220860550291473,
            "runtime": 14.659125566482544
        },
        "n2v_edge_emb": {
            "test_roc": 0.5054875386395719,
            "test_ap": 0.504405535163704,
            "val_roc": 0.5159242482527306,
            "val_ap": 0.5233223395198977,
            "runtime": 12.505261659622192
        },
        "n2v_dot_prod": {
            "test_roc": 0.5004748673487343,
            "test_ap": 0.5026379618561576,
            "val_roc": 0.5050791836134871,
            "val_ap": 0.5035417536979836,
            "runtime": 18.434904098510742
        }
    },
    "gplus-0.3-hidden": {
        "aa": {
            "test_roc": 0.6717416704415076,
            "test_ap": 0.6746770606104739,
            "runtime": 61.978111028671265
        },
        "jc": {
            "test_roc": 0.6653914602266271,
            "test_ap": 0.617672480277647,
            "runtime": 49.867005348205566
        },
        "pa": {
            "test_roc": 0.9980595888735584,
            "test_ap": 0.996850611285159,
            "runtime": 8.489476203918457
        },
        "sc": {
            "test_roc": 0.6360355979261643,
            "test_ap": 0.5922347337765984,
            "val_roc": 0.646572447761055,
            "val_ap": 0.5908117441900107,
            "runtime": 15.219092845916748
        },
        "n2v_edge_emb": {
            "test_roc": 0.5028225201265297,
            "test_ap": 0.5041321270085948,
            "val_roc": 0.5144174805533854,
            "val_ap": 0.5136112428001209,
            "runtime": 17.62896704673767
        },
        "n2v_dot_prod": {
            "test_roc": 0.4992021845007566,
            "test_ap": 0.4975846981346542,
            "val_roc": 0.497565254012888,
            "val_ap": 0.4964337743918128,
            "runtime": 20.75878405570984
        }
    }
}