{
    "hamster-0.15-hidden": {
        "aa": {
            "test_roc": 0.8491308191950766,
            "test_ap": 0.853056671423781,
            "runtime": 0.30267786979675293
        },
        "jc": {
            "test_roc": 0.8313503804624028,
            "test_ap": 0.8056902323412412,
            "runtime": 0.2695348262786865
        },
        "pa": {
            "test_roc": 0.8845141707451214,
            "test_ap": 0.8965679228863547,
            "runtime": 0.05970263481140137
        },
        "sc": {
            "test_roc": 0.5987426988116207,
            "test_ap": 0.5731103988887952,
            "val_roc": 0.5958399820833682,
            "val_ap": 0.5415768411057511,
            "runtime": 1.273867130279541
        },
        "n2v_edge_emb": {
            "test_roc": 0.8880960171538766,
            "test_ap": 0.8767740254915035,
            "val_roc": 0.8682567677276671,
            "val_ap": 0.8659171055860332,
            "runtime": 50.610185861587524
        },
        "n2v_dot_prod": {
            "test_roc": 0.7554597921206341,
            "test_ap": 0.7285190812913542,
            "val_roc": 0.7204165616864029,
            "val_ap": 0.6687317171349085,
            "runtime": 46.69216966629028
        },
        "gae": {
            "test_roc": 0.9328395096107657,
            "test_ap": 0.9344578483968646,
            "val_roc": 0.9522409786960051,
            "val_ap": 0.957922849532159,
            "val_roc_per_epoch": [
                0.8003835278967554,
                0.8486884465720445,
                0.8619859466420313,
                0.8691525993113295,
                0.8731558467008202,
                0.8750034993421237,
                0.8758153467148175,
                0.8758713361887965,
                0.8757033677668599,
                0.8754234203969653,
                0.8757313625038493,
                0.8752274572380393,
                0.8755353993449232,
                0.8755074046079337,
                0.8757593572408388,
                0.8759273256627754,
                0.8765152151395538,
                0.8771870888273006,
                0.8779429467260155,
                0.8794546625234455,
                0.8805464572660341,
                0.8815542677976541,
                0.8825060888552951,
                0.8831779625430419,
                0.8842137678116514,
                0.8849136362363875,
                0.8857814730830604,
                0.8860894151899443,
                0.8868732678256488,
                0.8874331625654377,
                0.8875451415133956,
                0.8876851151983428,
                0.8876851151983428,
                0.888021052042216,
                0.8879650625682372,
                0.8880770415161949,
                0.8881610257271633,
                0.8881610257271633,
                0.8884969625710367,
                0.8884129783600683,
                0.8879090730942583,
                0.8874051678284482,
                0.8861174099269337,
                0.883121973069063,
                0.8804064835810868,
                0.8776629993561211,
                0.8732398309117886,
                0.8704123624758546,
                0.8671369782480892,
                0.863413678228493,
                0.8602502729486856,
                0.8575067887237199,
                0.85599507292629,
                0.8550152571316593,
                0.8533635676492819,
                0.8522157834327146,
                0.8507320623722741,
                0.8496962571036645,
                0.8489963886789283,
                0.8495562834187171,
                0.8495002939447384,
                0.8511239886901264,
                0.8528316676464824,
                0.8548472887097226,
                0.8558271045043532,
                0.8554631729234904,
                0.854371378180902,
                0.8532515887013241,
                0.8521877886957252,
                0.8518518518518519,
                0.8517118781669046,
                0.852803672909493,
                0.8542593992329442,
                0.8558271045043532,
                0.8578147308306039,
                0.8598303518938439,
                0.8620979255899891,
                0.8666330729822794,
                0.8706643151087595,
                0.873771730914588,
                0.8762072730326698,
                0.8783068783068784,
                0.8797066151563505,
                0.8806304414770023,
                0.8811623414798019,
                0.8808823941099073,
                0.8795666414714034,
                0.8781948993589206,
                0.8772990677752582,
                0.8762912572436382,
                0.8754794098709443,
                0.8739956888105036,
                0.8720920466952213,
                0.8710002519526329,
                0.8708322835306963,
                0.8703563730018756,
                0.8701044203689707,
                0.8680328098317517,
                0.8669130203521738,
                0.8655132835027015,
                0.8649533887629126,
                0.867052994037121,
                0.8689006466784245,
                0.8713081940595168,
                0.8732118361747991,
                0.8743316256543769,
                0.8756193835558915,
                0.876151283558691,
                0.8758993309257859,
                0.8757033677668599,
                0.8764312309285854,
                0.8768791467204166,
                0.8779989361999944,
                0.8786148204137622,
                0.8795106519974244,
                0.880098541474203,
                0.8803784888440973,
                0.8815822625346434,
                0.8832619467540104,
                0.8842977520226197,
                0.8841297836006832,
                0.8832899414909997,
                0.8830939783320736,
                0.8838498362307886,
                0.8845497046555247,
                0.8850256151843453,
                0.8861174099269338,
                0.8859214467680077,
                0.8864253520338177,
                0.8863693625598388,
                0.8863973572968282,
                0.8867052994037121,
                0.8865933204557543,
                0.886761288877691,
                0.8865373309817755,
                0.8853335572912293,
                0.8848296520254192,
                0.8847176730774615,
                0.8847736625514403,
                0.8848016572884297,
                0.8843817362335881,
                0.8843817362335881,
                0.883877830967778,
                0.8834019204389574,
                0.882870020436158,
                0.8834859046499257,
                0.8836538730718624,
                0.8837378572828308,
                0.8837938467568098,
                0.8835418941239047,
                0.883625878334873,
                0.8838218414937994,
                0.8837658520198203,
                0.8844377257075671,
                0.885501525713166,
                0.8863693625598387,
                0.8869852467736065,
                0.8870972257215644,
                0.8864253520338176,
                0.8858094678200499,
                0.8864253520338177,
                0.8869292572996276,
                0.8883569888860894,
                0.8888608941518995,
                0.8889168836258784,
                0.8881050362531845,
                0.8878810783572688,
                0.8881330309901738,
                0.8902046415273929,
                0.8919123204837491,
                0.8925561994345064,
                0.8926681783824642,
                0.8923322415385908,
                0.8932280731222529,
                0.8940679152319364,
                0.8946558047087148,
                0.8962515047171132,
                0.8972593152487333,
                0.89843509420229,
                0.8983791047283111,
                0.8989949889420789,
                0.8998628257887517,
