{
    "karate-0.15-hidden": {
        "aa": {
            "test_roc": 0.68,
            "test_ap": 0.8,
            "runtime": 0.001978158950805664
        },
        "jc": {
            "test_roc": 0.5,
            "test_ap": 0.5199999999999999,
            "runtime": 0.0010020732879638672
        },
        "pa": {
            "test_roc": 0.52,
            "test_ap": 0.6833333333333333,
            "runtime": 0.0
        },
        "sc": {
            "test_roc": 0.16000000000000003,
            "test_ap": 0.39388888888888884,
            "val_roc": 0.25,
            "val_ap": 0.5,
            "runtime": 0.010991811752319336
        },
        "n2v_edge_emb": {
            "test_roc": 0.52,
            "test_ap": 0.6342857142857143,
            "val_roc": 0.5,
            "val_ap": 0.5833333333333333,
            "runtime": 0.41376352310180664
        },
        "n2v_dot_prod": {
            "test_roc": 0.44000000000000006,
            "test_ap": 0.6000000000000001,
            "val_roc": 0.0,
            "val_ap": 0.41666666666666663,
            "runtime": 0.3997645378112793
        },
        "gae": {
            "test_roc": 0.64,
            "test_ap": 0.7453968253968253,
            "val_roc": 1.0,
            "val_ap": 1.0,
            "val_roc_per_epoch": [
                0.0,
                0.25,
                0.25,
                0.5,
                0.5,
                0.5,
                0.5,
                0.75,
                0.75,
                0.75,
                0.5,
                0.5,
                0.5,
                0.5,
                0.5,
                0.5,
                0.5,
                0.5,
                0.5,
                0.5,
                0.5,
                0.5,
                0.5,
                0.5,
                0.5,
                0.5,
                0.5,
                0.5,
                0.75,
                0.75,
                0.75,
                0.75,
                0.75,
                0.75,
                0.75,
                0.75,
                0.75,
                0.75,
                0.75,
                0.75,
                0.75,
                0.75,
                0.75,
                0.75,
                0.75,
                0.75,
                0.75,
                0.75,
                0.75,
                0.75,
                0.75,
                0.75,
                0.75,
                0.75,
                0.75,
                0.75,
                0.5,
                0.5,
                0.5,
                0.5,
                0.25,
                0.25,
                0.0,
                0.0,
                0.0,
                0.0,
                0.0,
                0.0,
                0.0,
                0.0,
                0.0,
                0.0,
                0.0,
                0.0,
                0.0,
                0.0,
                0.0,
                0.0,
                0.0,
                0.0,
                0.0,
                0.25,
                0.25,
                0.25,
                0.25,
                0.5,
                0.5,
                0.5,
                0.5,
                0.5,
                0.5,
                0.5,
                0.5,
                0.75,
                0.75,
                0.75,
                0.75,
                0.75,
                0.75,
                0.75,
                0.75,
                0.75,
                0.75,
                1.0,
                1.0,
                1.0,
                1.0,
                1.0,
                1.0,
                1.0,
                1.0,
                1.0,
                1.0,
                1.0,
                1.0,
                1.0,
                1.0,
                1.0,
                1.0,
                1.0,
                1.0,
                1.0,
                1.0,
                1.0,
                1.0,
                1.0,
                1.0,
                1.0,
                1.0,
                1.0,
                1.0,
                1.0,
                1.0,
                1.0,
                1.0,
                1.0,
                1.0,
                1.0,
                1.0,
                1.0,
                1.0,
                1.0,
                0.75,
                0.75,
                0.75,
                0.75,
                0.75,
                0.75,
                0.75,
                0.75,
                0.75,
                0.75,
                0.75,
                0.75,
                0.75,
                0.75,
                0.75,
                0.75,
                0.75,
                0.75,
                0.75,
                0.75,
                0.75,
                0.75,
                0.5,
                0.5,
                0.75,
                0.75,
                0.75,
                0.75,
                0.75,
                0.75,
                0.75,
                0.75,
                0.5,
                0.5,
                0.5,
                0.5,
                0.75,
                0.75,
                0.75,
                0.75,
                0.75,
                1.0,
                1.0,
                1.0,
                1.0,
                1.0,
                1.0,
                1.0,
                1.0,
                1.0,
                1.0,
                1.0,
                1.0,
                1.0,
                1.0,
                1.0,
                1.0,
                1.0
            ],
            "runtime": 3.8818039894104004
        }
    },
    "karate-0.3-hidden": {
        "aa": {
            "test_roc": 0.5484693877551021,
            "test_ap": 0.6642857142857143,
            "runtime": 0.0029976367950439453
        },
        "jc": {
            "test_roc": 0.3673469387755102,
            "test_ap": 0.42038635967207394,
            "runtime": 0.001996278762817383
        },
        "pa": {
            "test_roc": 0.6887755102040816,
            "test_ap": 0.6304087019423154,
            "runtime": 0.0009980201721191406
        },
        "sc": {
            "test_roc": 0.49744897959183676,
            "test_ap": 0.5559368191721132,
            "val_roc": 1.0,
            "val_ap": 1.0,
            "runtime": 0.008994340896606445
        },
        "n2v_edge_emb": {
            "test_roc": 0.5867346938775511,
            "test_ap": 0.6095395398375274,
            "val_roc": 0.5,
            "val_ap": 0.75,
            "runtime": 0.42377591133117676
        },
        "n2v_dot_prod": {
            "test_roc": 0.6020408163265306,
            "test_ap": 0.6317138661164486,
            "val_roc": 1.0,
            "val_ap": 1.0,
            "runtime": 0.42975497245788574
        },
        "gae": {
            "test_roc": 0.5306122448979592,
            "test_ap": 0.5555258544754343,
            "val_roc": 1.0,
            "val_ap": 1.0,