{
    "karate-0.15-hidden": {
        "aa": {
            "test_roc": 0.68,
            "test_ap": 0.8,
            "runtime": 0.0010693073272705078
        },
        "jc": {
            "test_roc": 0.5,
            "test_ap": 0.5199999999999999,
            "runtime": 0.0
        },
        "pa": {
            "test_roc": 0.52,
            "test_ap": 0.6833333333333333,
            "runtime": 0.0
        },
        "sc": {
            "test_roc": 0.16000000000000003,
            "test_ap": 0.39388888888888884,
            "val_roc": 0.25,
            "val_ap": 0.5,
            "runtime": 0.009978771209716797
        },
        "n2v_edge_emb": {
            "test_roc": 0.44000000000000006,
            "test_ap": 0.5942857142857143,
            "val_roc": 0.5,
            "val_ap": 0.5833333333333333,
            "runtime": 0.379976749420166
        },
        "n2v_dot_prod": {
            "test_roc": 0.36,
            "test_ap": 0.5688888888888889,
            "val_roc": 0.5,
            "val_ap": 0.5833333333333333,
            "runtime": 0.3599574565887451
        },
        "gae": {
            "test_roc": 0.56,
            "test_ap": 0.6833333333333333,
            "val_roc": 0.75,
            "val_ap": 0.8333333333333333,
            "val_roc_per_epoch": [
                0.0,
                0.25,
                0.25,
                0.5,
                0.5,
                0.5,
                0.5,
                0.75,
                0.75,
                0.75,
                0.5,
                0.5,
                0.5,
                0.5,
                0.5,
                0.5,
                0.5,
                0.5,
                0.5,
                0.5,
                0.5,
                0.5,
                0.5,
                0.5,
                0.5,
                0.5,
                0.5,
                0.5,
                0.75,
                0.75,
                0.75,
                0.75,
                0.75,
                0.75,
                0.75,
                0.75,
                0.75,
                0.75,
                0.75,
                0.75,
                0.75,
                0.75,
                0.75,
                0.75,
                0.75,
                0.75,
                0.75,
                0.75,
                0.75,
                0.75
            ],
            "runtime": 2.562601327896118
        }
    },
    "karate-0.3-hidden": {
        "aa": {
            "test_roc": 0.5484693877551021,
            "test_ap": 0.6642857142857143,
            "runtime": 0.009996891021728516
        },
        "jc": {
            "test_roc": 0.3673469387755102,
            "test_ap": 0.42038635967207394,
            "runtime": 0.0
        },
        "pa": {
            "test_roc": 0.6887755102040816,
            "test_ap": 0.6304087019423154,
            "runtime": 0.0
        },
        "sc": {
            "test_roc": 0.49744897959183676,
            "test_ap": 0.5559368191721132,
            "val_roc": 1.0,
            "val_ap": 1.0,
            "runtime": 0.0
        },
        "n2v_edge_emb": {
            "test_roc": 0.5459183673469388,
            "test_ap": 0.5647994286900937,
            "val_roc": 0.75,
            "val_ap": 0.8333333333333333,
            "runtime": 0.369976282119751
        },
        "n2v_dot_prod": {
            "test_roc": 0.6020408163265306,
            "test_ap": 0.624182559786275,
            "val_roc": 1.0,
            "val_ap": 1.0,
            "runtime": 0.3751254081726074
        },
        "gae": {
            "test_roc": 0.6224489795918366,
            "test_ap": 0.6978449802440486,
            "val_roc": 1.0,
            "val_ap": 1.0,
            "val_roc_per_epoch": [
                0.75,
                0.5,
                0.5,
                0.5,
                0.5,
                0.5,
                0.5,
                0.5,
                0.5,
                0.5,
                0.5,
                0.5,
                0.5,
                0.5,
                0.5,
                0.5,
                0.5,
                0.5,
                0.5,
                0.5,
                0.5,
                0.5,
                0.5,
                0.5,
                0.5,
                0.5,
                0.5,
                0.5,
                0.5,
                0.75,
                0.75,
                0.75,
                0.75,
                0.75,
                1.0,
                1.0,
                0.5,
                0.5,
                0.5,
                0.5,
                0.5,
                0.25,
                0.25,
                0.25,
                0.25,
                0.25,
                0.25,
                0.25,
                0.25,
                0.25
            ],
            "runtime": 1.9808473587036133
        }
    }
}