{
    "karate-0.15-hidden": {
        "aa": {
            "test_roc": 0.68,
            "test_ap": 0.8,
            "runtime": 0.0
        },
        "jc": {
            "test_roc": 0.5,
            "test_ap": 0.5199999999999999,
            "runtime": 0.0
        },
        "pa": {
            "test_roc": 0.52,
            "test_ap": 0.6833333333333333,
            "runtime": 0.0
        },
        "sc": {
            "test_roc": 0.16000000000000003,
            "test_ap": 0.39388888888888884,
            "val_roc": 0.25,
            "val_ap": 0.5,
            "runtime": 0.010016441345214844
        },
        "n2v_edge_emb": {
            "test_roc": 0.52,
            "test_ap": 0.6192857142857142,
            "val_roc": 0.5,
            "val_ap": 0.5833333333333333,
            "runtime": 0.3799774646759033
        },
        "n2v_dot_prod": {
            "test_roc": 0.44,
            "test_ap": 0.5968253968253969,
            "val_roc": 0.5,
            "val_ap": 0.5833333333333333,
            "runtime": 0.40375447273254395
        },
        "gae": {
            "test_roc": 0.64,
            "test_ap": 0.7453968253968253,
            "val_roc": 1.0,
            "val_ap": 1.0,
            "val_roc_per_epoch": [
                0.0,
                0.25,
                0.25,
                0.5,
                0.5,
                0.5,
                0.5,
                0.75,
                0.75,
                0.75,
                0.5,
                0.5,
                0.5,
                0.5,
                0.5,
                0.5,
                0.5,
                0.5,
                0.5,
                0.5,
                0.5,
                0.5,
                0.5,
                0.5,
                0.5,
                0.5,
                0.5,
                0.5,
                0.75,
                0.75,
                0.75,
                0.75,
                0.75,
                0.75,
                0.75,
                0.75,
                0.75,
                0.75,
                0.75,
                0.75,
                0.75,
                0.75,
                0.75,
                0.75,
                0.75,
                0.75,
                0.75,
                0.75,
                0.75,
                0.75,
                0.75,
                0.75,
                0.75,
                0.75,
                0.75,
                0.75,
                0.5,
                0.5,
                0.5,
                0.5,
                0.25,
                0.25,
                0.0,
                0.0,
                0.0,
                0.0,
                0.0,
                0.0,
                0.0,
                0.0,
                0.0,
                0.0,
                0.0,
                0.0,
                0.0,
                0.0,
                0.0,
                0.0,
                0.0,
                0.0,
                0.0,
                0.25,
                0.25,
                0.25,
                0.25,
                0.5,
                0.5,
                0.5,
                0.5,
                0.5,
                0.5,
                0.5,
                0.5,
                0.75,
                0.75,
                0.75,
                0.75,
                0.75,
                0.75,
                0.75,
                0.75,
                0.75,
                0.75,
                1.0,
                1.0,
                1.0,
                1.0,
                1.0,
                1.0,
                1.0,
                1.0,
                1.0,
                1.0,
                1.0,
                1.0,
                1.0,
                1.0,
                1.0,
                1.0,
                1.0,
                1.0,
                1.0,
                1.0,
                1.0,
                1.0,
                1.0,
                1.0,
                1.0,
                1.0,
                1.0,
                1.0,
                1.0,
                1.0,
                1.0,
                1.0,
                1.0,
                1.0,
                1.0,
                1.0,
                1.0,
                1.0,
                1.0,
                0.75,
                0.75,
                0.75,
                0.75,
                0.75,
                0.75,
                0.75,
                0.75,
                0.75,
                0.75,
                0.75,
                0.75,
                0.75,
                0.75,
                0.75,
                0.75,
                0.75,
                0.75,
                0.75,
                0.75,
                0.75,
                0.75,
                0.5,
                0.5,
                0.75,
                0.75,
                0.75,
                0.75,
                0.75,
                0.75,
                0.75,
                0.75,
                0.5,
                0.5,
                0.5,
                0.5,
                0.75,
                0.75,
                0.75,
                0.75,
                0.75,
                1.0,
                1.0,
                1.0,
                1.0,
                1.0,
                1.0,
                1.0,
                1.0,
                1.0,
                1.0,
                1.0,
                1.0,
                1.0,
                1.0,
                1.0,
                1.0,
                1.0
            ],
            "runtime": 4.033393621444702
        }
    },
    "karate-0.3-hidden": {
        "aa": {
            "test_roc": 0.5484693877551021,
            "test_ap": 0.6642857142857143,
            "runtime": 0.0
        },
        "jc": {
            "test_roc": 0.3673469387755102,
            "test_ap": 0.42038635967207394,
            "runtime": 0.0
        },
        "pa": {
            "test_roc": 0.6887755102040816,
            "test_ap": 0.6304087019423154,
            "runtime": 0.0
        },
        "sc": {
            "test_roc": 0.49744897959183676,
            "test_ap": 0.5559368191721132,
            "val_roc": 1.0,
            "val_ap": 1.0,
            "runtime": 0.009978771209716797
        },
        "n2v_edge_emb": {
            "test_roc": 0.4744897959183673,
            "test_ap": 0.5657481910199301,
            "val_roc": 0.5,
            "val_ap": 0.75,
            "runtime": 0.36999940872192383
        },
        "n2v_dot_prod": {
            "test_roc": 0.5,
            "test_ap": 0.5941233801381773,
            "val_roc": 1.0,
            "val_ap": 1.0,
            "runtime": 0.3752896785736084
        },
        "gae": {
            "test_roc": 0.5306122448979592,
            "test_ap": 0.5555258544754343,
            "val_roc": 1.0,
            "val_ap": 1.0,