{
    "twitter-combined-0.15-hidden": {
        "aa": {
            "test_roc": 0.7199917411030363,
            "test_ap": 0.7207589472022828,
            "runtime": 20.30624556541443
        },
        "jc": {
            "test_roc": 0.7185766148886406,
            "test_ap": 0.7049633560817754,
            "runtime": 9.219456434249878
        },
        "pa": {
            "test_roc": 0.9834265425117754,
            "test_ap": 0.9780231003593639,
            "runtime": 6.789594411849976
        },
        "sc": {
            "test_roc": 0.5,
            "test_ap": 0.5,
            "val_roc": 0.4691548426896977,
            "val_ap": 0.5051417887192272,
            "runtime": 63.69619941711426
        },
        "n2v_edge_emb": {
            "test_roc": 0.5052422451595955,
            "test_ap": 0.5058743544283865,
            "val_roc": 0.5080910976803908,
            "val_ap": 0.508462974130403,
            "runtime": 14.849109649658203
        },
        "n2v_dot_prod": {
            "test_roc": 0.49987899225892135,
            "test_ap": 0.5011244770829617,
            "val_roc": 0.513087594538219,
            "val_ap": 0.5097735182715504,
            "runtime": 23.50290012359619
        }
    },
    "twitter-combined-0.3-hidden": {
        "aa": {
            "test_roc": 0.5742921230740421,
            "test_ap": 0.5775138334164526,
            "runtime": 9.933306217193604
        },
        "jc": {
            "test_roc": 0.5729773092199246,
            "test_ap": 0.5536198933452167,
            "runtime": 8.769974708557129
        },
        "pa": {
            "test_roc": 0.9666162546610808,
            "test_ap": 0.9528159871653923,
            "runtime": 7.1395769119262695
        },
        "sc": {
            "test_roc": 0.38062635308944087,
            "test_ap": 0.4407473503858591,
            "val_roc": 0.588070110909914,
            "val_ap": 0.5214569833166989,
            "runtime": 142.52151322364807
        },
        "n2v_edge_emb": {
            "test_roc": 0.5101977550893877,
            "test_ap": 0.5106031510327684,
            "val_roc": 0.49064904934359443,
            "val_ap": 0.49693038245081345,
            "runtime": 10.509371519088745
        },
        "n2v_dot_prod": {
            "test_roc": 0.49728385681261156,
            "test_ap": 0.4937525322468032,
            "val_roc": 0.5035437415119963,
            "val_ap": 0.5167981410044065,
            "runtime": 16.339048385620117
        }
    }
}