{
    "twitter-combined-0.15-hidden": {
        "aa": {
            "test_roc": 0.8199917411030363,
            "test_ap": 0.8207589472022828,
            "runtime": 12.82923698425293
        },
        "jc": {
            "test_roc": 0.7185766148886406,
            "test_ap": 0.7049633560817754,
            "runtime": 13.079220533370972
        },
        "pa": {
            "test_roc": 0.934265425117754,
            "test_ap": 0.920231003593639,
            "runtime": 11.169336795806885
        },
        "sc": {
            "test_roc": 0.8554622741376434,
            "test_ap": 0.8242554511215422,
            "val_roc": 0.7691548426896977,
            "val_ap": 0.7505141788719272,
            "runtime": 63.1662483215332
        },
        "n2v_edge_emb": {
            "test_roc": 0.7505278594935952,
            "test_ap": 0.7860266111859386,
            "val_roc": 0.8080477127583258,
            "val_ap": 0.8085027560587919,
            "runtime": 11.469316959381104
        },
        "n2v_dot_prod": {
            "test_roc": 0.7999245481143862,
            "test_ap": 0.7711092064070855,
            "val_roc": 0.7530234685788507,
            "val_ap": 0.7907626995454263,
            "runtime": 16.579034566879272
        },
        "gae": {
			"test_roc": 0.8804320624445936,
			"test_ap": 0.8603054813440851,
			"val_roc": 0.8922441988637359,
			"val_ap": 0.8418802961939757,
			"val_roc_per_epoch": [0.8195509967892659, 0.8238383873789692, 0.7547046883728418, 0.7871287856901922, 0.6044152361003059, 0.5743789574928121, 0.5612284441099391, 0.5525058923762911, 0.5493466823450638, 0.5490823034127549, 0.550383357161187, 0.5527051016962037, 0.5575094846712899, 0.5632797193348321, 0.569576501852477, 0.5777345243885197, 0.5850613773885396, 0.594537928174761, 0.6038646608063012, 0.6133133808787115, 0.6219912698417186, 0.6302538824102746, 0.6388971307433484, 0.647103233856991, 0.6546761175624858, 0.6605985859735978, 0.6658809222692531, 0.6725296875081108, 0.677667936257746, 0.683653235781756, 0.6863071500367403, 0.6898113015928882, 0.6926076844327014, 0.6938848649280119, 0.6949330523570507, 0.6952465911744206, 0.695924010792869, 0.696656423696226, 0.6972177663670425, 0.6980860435214801, 0.699067930635068, 0.7008001677141004, 0.7021427747997744, 0.7034324958198679, 0.7042517415782281, 0.7040451826884634, 0.704043332447102, 0.7041969538756929, 0.7036448110160903, 0.7029730706107098, 0.7029878211460077, 0.7030371866134422, 0.7034802423261112, 0.7044808117378901, 0.7063493242327499, 0.7072857005484063, 0.7082979881554743, 0.7093039027089642, 0.7097289699639526, 0.7106098647365635, 0.7110998446259816, 0.711061966073666, 0.7110093369860524, 0.711063122474517, 0.7112481466106586, 0.71113250652557, 0.710882878128559, 0.7108151901320873, 0.7106134367303027, 0.7106648066258787, 0.7104569885440764, 0.710429003643485, 0.7103046777031166, 0.710638903246819, 0.7107450094493367, 0.710888197572473, 0.7106209404869352, 0.7105469051346819, 0.710779161821133, 0.7109156942149275, 0.7108738582019222, 0.7110131916555553, 0.7111082478054981, 0.7110193334289634, 0.7110275310261064, 0.7110115212987708, 0.7112653384366416, 0.7112520012801613, 0.7112481209128618, 0.711339373788895, 0.7112954305565614, 0.7114729252382738, 0.7117068779793062, 0.7117097561325351, 0.7118920049066345, 0.7119258746026671, 0.7119202467851928, 0.7119515467015567, 0.712202305801622, 0.7121403741116079, 0.7122148206286082, 0.7123330818889587, 0.712320515666379, 0.7123072556032888, 0.7123823188674097, 0.7125400519434704, 0.7126995324697059, 0.7126828289018596, 0.7124753705892108, 0.7124595921420456, 0.7123949364855826, 0.7125681396352486, 0.7126500642110847, 0.7126958576847797, 0.712789885922855, 0.7128862012648354, 0.7128441596694565, 0.7130622825677301, 0.7130946617915548, 0.7131271952021596, 0.7132481290333655, 0.7133306446585255, 0.7136058680610359, 0.713656826791865, 0.7139271676130052, 0.7139350825343846, 0.7138845092705057, 0.7138823506555843, 0.7140460199226795, 0.7139877116219981, 0.7142922562105278, 0.7142290910262729, 0.7143130200302503, 0.7143566805868204, 0.7142685114463896, 0.7144590349110221, 0.7143734612480567, 0.7144596002625493, 0.7145450968321247, 0.7145862390046196, 0.7145477951007768, 0.7145901707675125, 0.7146745366340337, 0.7146309788686503, 0.7148071115671385, 0.7149266320195267, 0.7151898545509847, 0.7151910109518356, 0.7151797039212936, 0.7152207690003984, 0.715302231015894, 0.7155180154146692, 0.7155640401685344, 0.7155215103150185, 0.7156852052799104, 0.7157731688379678, 0.7159134274122818, 0.7158562241168579, 0.7161057240248856, 0.7160997878338511, 0.7160473643286108, 0.7161283123881729, 0.7161690433959207, 0.7161544213496063, 0.7164184148149648, 0.7165888683003853, 0.716585938751563, 0.7164994656657135, 0.7165069951201426, 0.7167743036012738, 0.7168123877359629, 0.7168944921963758, 0.7168103319122281, 0.7167188220582281, 0.7166678890251957, 0.7168362352912879, 0.7169218089542533, 0.7171365397433643, 0.7173010827355468, 0.7172913689683994, 0.7174547812575278, 0.7175326198836907, 0.7175242167041743, 0.7176095076913762, 0.7177337565383546, 0.7178155269274107, 0.7178152699494438, 0.7177284113966439, 0.7178561551439717, 0.7179510571071342, 0.7179025910625839, 0.7178080745663715, 0.7178914125210254, 0.717985158083337, 0.7182057736678892, 0.7181470028068675, 0.7181325606451299, 0.7180362453031495, 0.7181153945169434, 0.7182399003418886],
			"runtime": 347.7695550918579
		}
    },
    "twitter-combined-0.3-hidden": {
        "aa": {
            "test_roc": 0.5742921230740421,
            "test_ap": 0.5775138334164526,
            "runtime": 14.399123668670654
        },
        "jc": {
            "test_roc": 0.5729773092199246,
            "test_ap": 0.5536198933452167,
            "runtime": 14.199152946472168
        },
        "pa": {
            "test_roc": 0.9666162546610808,
            "test_ap": 0.9528159871653923,
            "runtime": 13.789157152175903
        },
        "sc": {
            "test_roc": 0.38062635308944087,
            "test_ap": 0.4407473503858591,
            "val_roc": 0.588070110909914,
            "val_ap": 0.5214569833166989,
            "runtime": 129.63227820396423
        },
        "n2v_edge_emb": {
            "test_roc": 0.5102322347501838,
            "test_ap": 0.5106375079097452,
            "val_roc": 0.4906136826618379,
            "val_ap": 0.4969483480827468,
            "runtime": 10.31937861442566
        },
        "n2v_dot_prod": {
            "test_roc": 0.4972259689417338,
            "test_ap": 0.4937495617576867,
            "val_roc": 0.5035437415119963,
            "val_ap": 0.5168010810693026,
            "runtime": 18.928259134292603
        }
    }
}