{
    "twitter-combined-0.15-hidden": {
        "aa": {
            "test_roc": 0.7199917411030363,
            "test_ap": 0.7207589472022828,
            "runtime": 12.039280891418457
        },
        "jc": {
            "test_roc": 0.7185766148886406,
            "test_ap": 0.7049633560817754,
            "runtime": 10.98932433128357
        },
        "pa": {
            "test_roc": 0.9834265425117754,
            "test_ap": 0.9780231003593639,
            "runtime": 11.359302282333374
        },
        "sc": {
            "test_roc": 0.5,
            "test_ap": 0.5,
            "val_roc": 0.4691548426896977,
            "val_ap": 0.5051417887192272,
            "runtime": 77.99952697753906
        },
        "n2v_edge_emb": {
            "test_roc": 0.5052454720326909,
            "test_ap": 0.5058485079334104,
            "val_roc": 0.5081162152668497,
            "val_ap": 0.5084616593324549,
            "runtime": 12.80307149887085
        },
        "n2v_dot_prod": {
            "test_roc": 0.4999696768837061,
            "test_ap": 0.5012032320889657,
            "val_roc": 0.5130451610398833,
            "val_ap": 0.5097088987387544,
            "runtime": 20.95705819129944
        }
    },
    "twitter-combined-0.3-hidden": {
        "aa": {
            "test_roc": 0.5742921230740421,
            "test_ap": 0.5775138334164526,
            "runtime": 25.699056386947632
        },
        "jc": {
            "test_roc": 0.5729773092199246,
            "test_ap": 0.5536198933452167,
            "runtime": 8.508006572723389
        },
        "pa": {
            "test_roc": 0.9666162546610808,
            "test_ap": 0.9528159871653923,
            "runtime": 15.236446857452393
        },
        "sc": {
            "test_roc": 0.38062635308944087,
            "test_ap": 0.4407473503858591,
            "val_roc": 0.588070110909914,
            "val_ap": 0.5214569833166989,
            "runtime": 137.2283546924591
        },
        "n2v_edge_emb": {
            "test_roc": 0.5102021836696734,
            "test_ap": 0.5106171810008391,
            "val_roc": 0.4906136826618379,
            "val_ap": 0.49701907190101047,
            "runtime": 12.335724115371704
        },
        "n2v_dot_prod": {
            "test_roc": 0.49722739241396857,
            "test_ap": 0.49374130251618914,
            "val_roc": 0.5035932548664555,
            "val_ap": 0.5169199177533694,
            "runtime": 16.484883308410645
        }
    }
}