{
    "twitter-combined-0.15-hidden": {
        "aa": {
            "test_roc": 0.7199917411030363,
            "test_ap": 0.7207589472022828,
            "runtime": 12.82923698425293
        },
        "jc": {
            "test_roc": 0.7185766148886406,
            "test_ap": 0.7049633560817754,
            "runtime": 13.079220533370972
        },
        "pa": {
            "test_roc": 0.9834265425117754,
            "test_ap": 0.9780231003593639,
            "runtime": 11.169336795806885
        },
        "sc": {
            "test_roc": 0.5,
            "test_ap": 0.5,
            "val_roc": 0.4691548426896977,
            "val_ap": 0.5051417887192272,
            "runtime": 63.1662483215332
        },
        "n2v_edge_emb": {
            "test_roc": 0.5052785949359352,
            "test_ap": 0.5060266111859386,
            "val_roc": 0.5080477127583258,
            "val_ap": 0.5085027560587919,
            "runtime": 11.469316959381104
        },
        "n2v_dot_prod": {
            "test_roc": 0.4999245481143862,
            "test_ap": 0.5011092064070855,
            "val_roc": 0.5130234685788507,
            "val_ap": 0.5097626995454263,
            "runtime": 16.579034566879272
        }
    },
    "twitter-combined-0.3-hidden": {
        "aa": {
            "test_roc": 0.5742921230740421,
            "test_ap": 0.5775138334164526,
            "runtime": 14.399123668670654
        },
        "jc": {
            "test_roc": 0.5729773092199246,
            "test_ap": 0.5536198933452167,
            "runtime": 14.199152946472168
        },
        "pa": {
            "test_roc": 0.9666162546610808,
            "test_ap": 0.9528159871653923,
            "runtime": 13.789157152175903
        },
        "sc": {
            "test_roc": 0.38062635308944087,
            "test_ap": 0.4407473503858591,
            "val_roc": 0.588070110909914,
            "val_ap": 0.5214569833166989,
            "runtime": 129.63227820396423
        },
        "n2v_edge_emb": {
            "test_roc": 0.5102322347501838,
            "test_ap": 0.5106375079097452,
            "val_roc": 0.4906136826618379,
            "val_ap": 0.4969483480827468,
            "runtime": 10.31937861442566
        },
        "n2v_dot_prod": {
            "test_roc": 0.4972259689417338,
            "test_ap": 0.4937495617576867,
            "val_roc": 0.5035437415119963,
            "val_ap": 0.5168010810693026,
            "runtime": 18.928259134292603
        }
    }
}